{
    "cameras": [
        {
        "cam_id": 0,
        "camera_matrix": [
            [1.27368947e+03, 0, 9.64119740e+02],
            [0.00000000e+00, 1.27512097e+03, 5.28344898e+02],
            [0.00000000e+00, 0.00000000e+00, 1.00000000e+00]
        ],"distortion_coefficients": [
            [
                
            ]
        ]},
        {
        "cam_id": 1,
        "camera_matrix": [
          [1.42897359e+03, 0.00000000e+00, 9.89294822e+02],
          [0.00000000e+00, 1.41746398e+03, 5.46827345e+02],
          [0.00000000e+00, 0.00000000e+00, 1.00000000e+00]
        ],"distortion_coefficients": [
            [
            
            ]
        ]
    }
    ],
    "tag_side_lengths": {"default": 0.60}
}
