{"tag_side_lengths": {"default": 0.6}, "tag_locations": {"1": [[1.0, 4.007257712842442e-22, 5.969449222217107e-22, 0.0], [-4.007257712842442e-22, 1.0, 2.9337857327615907e-22, 0.0], [-5.969449222217107e-22, -2.9337857327615907e-22, 1.0, 0.0], [0.0, 0.0, 0.0, 1.0]], "3": [[-0.9990083501301295, 0.04304239044915923, 0.011387229456674561, 1.3889087440244163], [-0.04253482368466458, -0.998229209108633, 0.04158406974392843, 0.05456728411996315], [0.013156942820858011, 0.04105847910938171, 0.9990701157320407, -0.017050037181758917], [0.0, 0.0, 0.0, 1.0]], "4": [[0.08160470866158095, 0.9965963972430758, 0.011674439017797397, 2.88133457598343], [-0.994474299292515, 0.08064359968277646, 0.06721218547901708, 0.10582002374157713], [0.06604195311254955, -0.017094760376380594, 0.9976704012832865, -0.01900718264792331], [0.0, 0.0, 0.0, 1.0]]}, "map_type": "3d"}