{"tag_side_lengths": {"default": 0.6}, "tag_locations": {"1": [[1.0, 1.0667788893581991e-24, -6.4312524711836184e-24, 0.0], [-1.0667788893581993e-24, 1.0, -1.1586510892392603e-24, 0.0], [6.4312524711836184e-24, 1.1586510892392601e-24, 1.0, 0.0], [0.0, 0.0, 0.0, 1.0]], "3": [[-0.9894174348584198, 0.12412528658539054, -0.0751402211087988, 1.4483614271984204], [-0.11691723434125909, -0.9887077771068972, -0.09374055580339412, 0.01781959108679587], [-0.08592729433757129, -0.0839633534253653, 0.9927570978690566, 0.016401408999305093], [0.0, 0.0, 0.0, 1.0]], "4": [[0.2512290963902873, 0.9585798695693052, -0.134196031176088, 2.8512911861252372], [-0.9588273997839406, 0.2274968621832457, -0.16998586741357316, 0.2508754181634688], [-0.13241585460392316, 0.17137622750332424, 0.9762664749422884, 0.18425571590985132], [0.0, 0.0, 0.0, 1.0]]}, "map_type": "3d"}