{"tag_side_lengths": {"default": 0.5}, "tag_locations": {"1": [[1.0, 1.5762200046003208e-25, 8.271806125530277e-25, 0.0], [-1.5762200046003208e-25, 1.0, 1.3038186289236295e-49, 0.0], [-8.271806125530277e-25, -2.607637257847259e-49, 1.0, 0.0], [0.0, 0.0, 0.0, 1.0]], "3": [[-0.9994946634231326, -0.011461644000475623, 0.029648752174168815, 1.19699421145151], [0.011282799911719701, -0.9999171729923364, -0.006192380896396817, 0.059061592642838875], [0.029717271322095114, -0.005854730721418662, 0.9995411977069023, -0.06417900658606182], [0.0, 0.0, 0.0, 1.0]], "4": [[-0.045560160979453534, 0.9970763965557197, 0.06134273520953739, 2.402063417529073], [-0.9982017655055488, -0.04304500444167346, -0.04171765734340637, 0.042862161594656355], [-0.03895519314715095, -0.06313308977135088, 0.997244556717554, -0.10765740744601206], [0.0, 0.0, 0.0, 1.0]]}, "map_type": "3d"}