{"0": [[-0.931841880311648, -0.11587815301691126, 0.3438647463038944, -5.062379249385141], [-0.3366193097823564, 0.6298986384229907, -0.6999393870861337, 10.169440421176214], [-0.1354922520991601, -0.7679843481258272, -0.6259727555212334, 6.134134720669441], [0.0, 0.0, 0.0, 1.0]], "1": [[0.9553147516813177, -0.2761802662830605, -0.10534792706019483, 6.6680347774335695], [-0.22519394204423906, -0.4491489378357374, -0.8646114272363076, 10.174948125341476], [0.1914717046632172, 0.8496997658919571, -0.49127272889558515, 9.108651722876235], [0.0, 0.0, 0.0, 1.0]]}