{
    "0": [
        [
            0.9019535292255506,
            0.03392460050110171,
            0.4304984931430244,
            4.624625884996904
        ],
        [
            0.4203339240503435,
            -0.29749618850834914,
            -0.8572137482072046,
            -9.706280878686048
        ],
        [
            0.09899102691665604,
            0.9541200864167181,
            -0.28258739760672347,
            -5.425913120723348
        ],
        [
            0,
            0,
            0,
            1
        ]
    ],
    "1": [
        [
            0.6353973697241367,
            -0.3913703375483445,
            0.665657150066717,
            -3.8314613362960315
        ],
        [
            -0.7592176971949532,
            -0.4739527873932107,
            0.4460462348100233,
            -7.63167651777924
        ],
        [
            0.14092079624257428,
            -0.7887952929686517,
            -0.5982836409069348,
            5.430028787957743
        ],
        [
            0,
            0,
            0,
            1
        ]
    ]
}