{"1": [[0.6658175656217495, -0.35073883281941814, 0.6585356789590066, -5.194232173120279], [-0.718780750856422, -0.5382386371617254, 0.44006067952563865, -9.907632871709025], [0.2001029772587246, -0.766342900155512, -0.6104730607270344, 7.779588357227695], [0.0, 0.0, 0.0, 1.0]], "0": [[0.9585084166743645, 0.12390091491317205, -0.2567297770966233, -4.035044871203882], [0.2782234740089274, -0.602724381585667, 0.7478736647005155, 10.87331115024758], [-0.06207506483932768, -0.7882714526899057, -0.6121885356647403, -6.024037274943196], [0.0, 0.0, 0.0, 1.0]]}