{
    "cameras": [
        {
            "cam_id": 0,
            "camera_matrix": [
                [
                    1273.68947,
                    0,
                    964.11974
                ],
                [
                    0,
                    1275.12097,
                    528.344898
                ],
                [
                    0,
                    0,
                    1
                ]
            ],
            "distortion_coefficients": [
                [
                    -0.390997,
                    0.18307952,
                    -0.001292,
                    -0.00121234,
                    -0.04688261
                ]
            ]
        },
        {
            "cam_id": 1,
            "camera_matrix": [
                [
                    1428.97359,
                    0,
                    989.294822
                ],
                [
                    0,
                    1417.46398,
                    546.827345
                ],
                [
                    0,
                    0,
                    1
                ]
            ],
            "distortion_coefficients": [
                [
                    -0.48487457,
                    0.39689049,
                    -0.00507624,
                    -0.00449213,
                    -0.23629858
                ]
            ]
        }
    ],
    "tag_side_lengths": {
        "default": 0.6
    }
}