{"tag_side_lengths": {"default": 0.55}, "tag_locations": {"4": [[1.0, 2.0967072638705292e-24, -2.257981779476112e-23, 0.0], [-2.0967072638705292e-24, 1.0, -2.0055907558681515e-22, -2.117582368135751e-22], [2.257981779476112e-23, 2.0055907558681515e-22, 1.0, 1.0587911840678754e-22], [0.0, 0.0, 0.0, 1.0]], "3": [[0.06514758974066989, 0.9780745593671474, 0.19780280045980647, 1.1962264508829012], [-0.99764663109923, 0.06808671887297246, -0.008086913469904798, -0.10614128400439579], [-0.021377347995910893, -0.19681045457971347, 0.9802084747444232, -0.11973884752727997], [0.0, 0.0, 0.0, 1.0]], "1": [[-0.9468673451707693, 0.13005053830405786, 0.29415827055529836, 2.424346437690443], [-0.15382975335807803, -0.9863285328903658, -0.05909680353565281, -0.08561422232194925], [0.28245112432251396, -0.10120712767964243, 0.9539279216354789, -0.4307527921230608], [0.0, 0.0, 0.0, 1.0]]}, "map_type": "3d"}