{
    "tag_side_lengths": {
        "default": 0.6
    },
    "tag_locations": {
        "1": [
            [
                1,
                1.9094315280812658e-22,
                -2.4809811049738148e-23,
                0
            ],
            [
                -1.9094315280812658e-22,
                1,
                -2.0645403205094474e-22,
                0
            ],
            [
                2.4809811049738148e-23,
                2.0645403205094474e-22,
                1,
                -1.6940658945086007e-21
            ],
            [
                0,
                0,
                0,
                1
            ]
        ],
        "3": [
            [
                0.0511815694166097,
                -0.9982656688692888,
                -0.029087820630023232,
                1.1767939368861922
            ],
            [
                0.9972862011136169,
                0.052631388434248076,
                -0.051479802057251146,
                -0.17431748730853477
            ],
            [
                0.05292145142022489,
                -0.02637406507224364,
                0.9982503336694367,
                0.04824984879342658
            ],
            [
                0,
                0,
                0,
                1
            ]
        ],
        "4": [
            [
                -0.9890567611422747,
                -0.0941586526559045,
                -0.11358200283838184,
                2.685522388220108
            ],
            [
                0.1039131035308307,
                -0.991096127492442,
                -0.08324982272699558,
                -0.5065965185986866
            ],
            [
                -0.10473199202413899,
                -0.09414145845221465,
                0.9900346436600821,
                0.08325398893084228
            ],
            [
                0,
                0,
                0,
                1
            ]
        ]
    },
    "map_type": "3d"
}