{"tag_side_lengths": {"default": 0.6}, "tag_locations": {"1": [[1.0, -4.820109002106913e-22, 2.0054138500145183e-22, 0.0], [4.820109002106913e-22, 1.0, -2.382606016926878e-22, 0.0], [-2.0054138500145183e-22, 2.382606016926878e-22, 1.0, 0.0], [0.0, 0.0, 0.0, 1.0]], "3": [[0.03856322688683682, -0.998621810047004, 0.03559997233875265, 1.3907049928763067], [0.9991116854155445, 0.03792736924632584, -0.018367218846707164, -0.19841565918603052], [0.016991692034177292, 0.03627664759178368, 0.9991973214742509, -0.09161771185214639], [0.0, 0.0, 0.0, 1.0]], "4": [[-0.9985233329013257, -0.0461060469004382, 0.028729533425431563, 2.891899328131452], [0.04512304030377723, -0.9984035921227324, -0.033973202236002704, -0.40829641672059536], [0.030250039427612195, -0.032626671231359726, 0.9990097273995828, -0.18685873403283507], [0.0, 0.0, 0.0, 1.0]]}, "map_type": "3d"}