{"tag_side_lengths": {"default": 0.6}, "tag_locations": {"4": [[1.0, -5.037009301028359e-23, 1.0736139747008198e-22, 0.0], [5.037009301028359e-23, 1.0, 6.161826089961192e-22, 0.0], [-1.0736139747008198e-22, -6.161826089961192e-22, 1.0, 0.0], [0.0, 0.0, 0.0, 1.0]], "3": [[0.0651372640946629, 0.978066899735183, 0.1978440710980991, 1.3048213550237884], [-0.997646228871891, 0.06808683847695567, -0.008135382222574834, -0.11561513394799297], [-0.021427525381074092, -0.19684847489533797, 0.9801997444844714, -0.13065278217897258], [0.0, 0.0, 0.0, 1.0]], "1": [[-0.9468756039135005, 0.13001100139250676, 0.29414916323246854, 2.6444028095949856], [-0.15380996133979405, -0.9863270838561479, -0.059172455116199556, -0.09295958271092147], [0.2824342162452964, -0.1012720255981147, 0.9539260402804612, -0.47001735648097714], [0.0, 0.0, 0.0, 1.0]]}, "map_type": "3d"}