{
    "tag_side_lengths": {
        "default": 0.6
    },
    "tag_locations": {
        "1": [
            [
                1,
                -9.49346816383902e-23,
                -2.5105305512614716e-24,
                0
            ],
            [
                9.49346816383902e-23,
                1,
                -4.725240911037494e-22,
                0
            ],
            [
                2.5105305512614716e-24,
                4.725240911037494e-22,
                1,
                0
            ],
            [
                0,
                0,
                0,
                1
            ]
        ],
        "3": [
            [
                0.05128597251190061,
                -0.9982537618505946,
                -0.029311703714471827,
                1.1798771919526947
            ],
            [
                0.9972940963552437,
                0.052740479913208994,
                -0.05121452092426982,
                -0.17516791726992614
            ],
            [
                0.05267100149500337,
                -0.026605802556224557,
                0.9982574301611046,
                0.04715500355477458
            ],
            [
                0,
                0,
                0,
                1
            ]
        ],
        "4": [
            [
                -0.9889838319557183,
                -0.09433050534856417,
                -0.11407337941372701,
                2.694310233359714
            ],
            [
                0.10406973751891928,
                -0.9911288426507908,
                -0.08266260943405741,
                -0.5084466187808452
            ],
            [
                -0.10526381079424615,
                -0.09362357089103567,
                0.9900273516982673,
                0.08038684020966971
            ],
            [
                0,
                0,
                0,
                1
            ]
        ]
    },
    "map_type": "3d"
}