{
    "0": [
        [
            -0.4652995202145181,
            0.336053375852581,
            0.8188800187244913,
            -9.631099351928452
        ],
        [
            0.8524383948520787,
            -0.07906511712157559,
            0.5168147542752269,
            -5.269256236146133
        ],
        [
            0.23842218745358204,
            0.9385184259419928,
            -0.2496758392340226,
            5.67302907359089
        ],
        [
            0,
            0,
            0,
            1
        ]
    ],
    "1": [
        [
            -0.793157239682103,
            -0.4095592329839142,
            0.45073587367492174,
            -9.666711604813248
        ],
        [
            -0.5997268626513954,
            0.39647841302303677,
            -0.6950773757079486,
            7.323087098033039
        ],
        [
            0.10596831297223445,
            -0.8216240640854928,
            -0.5600933975342475,
            6.692419866279674
        ],
        [
            0,
            0,
            0,
            1
        ]
    ]
}