{"0": [[0.3059900110233547, -0.716031493859424, 0.6274304845601376, -6.635408015555739], [-0.9425701497907009, -0.13515128962872477, 0.3054433525798659, -5.453369133475546], [-0.13390902089651383, -0.6848598606380245, -0.7162648570252507, 6.423087391290453], [0.0, 0.0, 0.0, 1.0]], "1": [[-0.1966931506387357, -0.14939292219008588, -0.9690168003142745, -10.70412205654558], [-0.9675942561145812, 0.1891908166848194, 0.16723692898460413, 6.365051098107842], [0.1583450663136623, 0.9705094485277505, -0.1817642712209522, -5.234932403894065], [0.0, 0.0, 0.0, 1.0]]}