{"1": [[-0.7940199844489007, -0.4099931918379743, 0.4488182783067972, -9.654825460174195], [-0.5982410663856692, 0.39598927118706817, -0.696634856717974, 7.356090174018618], [0.10788832552924867, -0.821643523525406, -0.5596981592459014, 6.701305272580547], [0.0, 0.0, 0.0, 1.0]], "0": [[-0.4669634935564086, 0.336191035992619, 0.817875713665471, -9.61716705615609], [0.8509889371387589, -0.08053216554524846, 0.5189724454920878, -5.298775271203371], [0.2403391864699539, 0.9383443704902814, -0.24848927102826482, 5.6586928186157746], [0.0, 0.0, 0.0, 1.0]]}