{"1": [[-0.7476877631587593, -0.4900423731807274, 0.4481310983518683, -9.777852922237466], [-0.6468909814433196, 0.38508379748584803, -0.6582116126605313, 6.794811110382935], [0.14998355559843904, -0.782028734383385, -0.6049264349065686, 7.711019543390279], [0.0, 0.0, 0.0, 1.0]], "0": [[0.18019298243621898, -0.6208971693249383, 0.7629005139630063, 11.83892831456377], [-0.9821191763905573, -0.07057924589375236, 0.17452934829134797, 4.059258936818921], [-0.054519835350759126, -0.7807081882325483, -0.6225129013763313, -6.179277094181824], [0.0, 0.0, 0.0, 1.0]]}