{
    "0": [
        [
            0.3061731999319109,
            -0.7161006961025814,
            0.6272621180055853,
            -7.236533452742074
        ],
        [
            -0.9424825166796515,
            -0.1351931474898439,
            0.30569514000876735,
            -5.95198094589136
        ],
        [
            -0.13410696252113338,
            -0.6847792388158304,
            -0.7163049048346434,
            7.007269379853613
        ],
        [
            0,
            0,
            0,
            1
        ]
    ],
    "1": [
        [
            -0.19703295444677238,
            -0.1497894867497798,
            -0.9688865385179081,
            -11.68166220671987
        ],
        [
            -0.9675370671045321,
            0.18925008441043004,
            0.1675005353108026,
            6.952151041136788
        ],
        [
            0.158272039984125,
            0.9704367651783823,
            -0.18221538395366316,
            -5.7207864865272136
        ],
        [
            0,
            0,
            0,
            1
        ]
    ]
}