{"tag_side_lengths": {"default": 0.6}, "tag_locations": {"4": [[1.0, 7.85915306660002e-22, 1.4807241594572907e-22, 0.0], [-7.85915306660002e-22, 1.0, 4.384018331102419e-23, 0.0], [-1.4807241594572907e-22, -4.384018331102419e-23, 1.0, 0.0], [0.0, 0.0, 0.0, 1.0]], "3": [[0.009739207198588192, 0.9998872227895615, 0.011431952821833917, 1.522150385646449], [-0.9998091169876687, 0.00954352701931873, 0.01704848029502219, -0.14303974635616132], [0.01693745646433355, -0.011595809338256725, 0.9997893076915304, -0.054572318859206916], [0.0, 0.0, 0.0, 1.0]], "1": [[-0.9985670040400414, 0.048794857477594815, -0.021977268397994777, 2.917965074364804], [-0.049541193369458, -0.9981655598645828, 0.03480208700285369, -0.2732016806843747], [-0.02023878953955156, 0.035840995856218014, 0.9991525481196594, -0.10692503587414527], [0.0, 0.0, 0.0, 1.0]]}, "map_type": "3d"}