{
    "0": [
        [
            -0.718736381494219,
            -0.48800460664019574,
            0.49524692610307464,
            13.207275117509678
        ],
        [
            -0.6779545779904266,
            0.33386093261877076,
            -0.6549156188798274,
            -6.8231141098104615
        ],
        [
            0.1542582383486186,
            -0.806466602885,
            -0.5708029557848386,
            -7.335694074508257
        ],
        [
            0,
            0,
            0,
            1
        ]
    ],
    "1": [
        [
            0.2268720202354433,
            -0.5979629649369312,
            0.7687453277894591,
            -10.07364734258699
        ],
        [
            -0.9737972306320027,
            -0.126510806062352,
            0.18898140004480862,
            -5.223456714880236
        ],
        [
            -0.015749287213414582,
            -0.7914766632777548,
            -0.6109964414290652,
            6.700581308896197
        ],
        [
            0,
            0,
            0,
            1
        ]
    ]
}