{"tag_side_lengths": {"default": 0.7}, "tag_locations": {"7": [[1.0, -2.0716977217171649e-22, 5.857967703997103e-22, 0.0], [2.0716977217171649e-22, 1.0, -1.9000372178702485e-21, 0.0], [-5.857967703997103e-22, 1.9000372178702485e-21, 1.0, 0.0], [0.0, 0.0, 0.0, 1.0]], "8": [[0.9999333516484623, 0.011543205436845439, -0.00021603082036739693, 0.008689297195721712], [-0.0115311967928087, 0.9994655558398783, 0.030588138063776797, 1.19852685654376], [0.0005690005255578125, -0.03058360832089527, 0.999532050081675, -0.016834381189535952], [0.0, 0.0, 0.0, 1.0]]}, "map_type": "3d"}