{"0": [[0.9928618882330742, -0.009534725717290748, 0.11888801411307431, -3.27245886187762], [-0.10071186168236282, -0.6010141056739877, 0.7928676848613326, -5.379402906883356], [0.06389359757226967, -0.7991815399434554, -0.597684259791807, 3.7993903186867843], [0.0, 0.0, 0.0, 1.0]], "1": [[0.9942170789410122, 0.009380650505781019, 0.10697851811503875, 2.957262531427003], [-0.0834119734910307, -0.5599731837831389, 0.8243012047316847, -6.22033662252075], [0.06763758289836261, -0.8284576252530141, -0.5559524444948539, 4.5608869999450485], [0.0, 0.0, 0.0, 1.0]]}