{"tag_side_lengths": {"default": 0.5}, "tag_locations": {"1": [[0.7179148484450135, -0.6837931484587274, 0.1304806518341852, -4.243381398843593], [0.3723182354648264, 0.5355394551557597, 0.7580083268090332, 0.9715632145596276], [-0.5881984375383288, -0.49560510700796107, 0.6390603852415639, -5.186600282034746], [0.0, 0.0, 0.0, 1.0]], "3": [[-0.6314649991965543, 0.7578319142923589, 0.16414245175966585, -3.5872214638050988], [-0.3688655923747688, -0.4797849635838417, 0.7960807518592957, 1.4006867792035778], [0.6820484803529046, 0.44215062863104626, 0.5825055296299461, -6.147867400491744], [0.0, 0.0, 0.0, 1.0]], "4": [[0.8134055782913188, 0.5410686646854712, 0.21357917805826931, -2.9098367517420254], [-0.4668281469078841, 0.38813135902363666, 0.7946228850196901, 1.9323641036108623], [0.3470487666872132, -0.7460554592240083, 0.5682942946246586, -7.462995077832359], [0.0, 0.0, 0.0, 1.0]]}, "map_type": "3d"}