{
    "tag_side_lengths": {
        "default": 0.03
    },
    "tag_locations": {
        "1": [
            [
                0.9978727663591737,
                0.05615432134495378,
                -0.033115469994821845,
                -0.010477184689491012
            ],
            [
                -0.05190737885118177,
                0.9917121632006687,
                0.11752705807876937,
                0.08411613343610512
            ],
            [
                0.039440666570053864,
                -0.1155581133202607,
                0.9925173833572749,
                -0.0029474232175023744
            ],
            [
                0,
                0,
                0,
                1
            ]
        ],
        "2": [
            [
                0.9906652726540865,
                -0.005252815770869928,
                -0.1362157314104424,
                -0.11321070670890587
            ],
            [
                -0.0031224903089761813,
                0.9981206912168251,
                -0.06119914884308212,
                0.09018704574744288
            ],
            [
                0.13628120784420295,
                0.061053203776089186,
                0.9887871048396618,
                -0.019596122075796103
            ],
            [
                0,
                0,
                0,
                1
            ]
        ],
        "3": [
            [
                1,
                -1.1179174966276111e-21,
                2.175374713138538e-22,
                0
            ],
            [
                1.1179174966276111e-21,
                1,
                6.291305392465832e-22,
                0
            ],
            [
                -2.175374713138538e-22,
                -6.291305392465832e-22,
                1,
                0
            ],
            [
                0,
                0,
                0,
                1
            ]
        ],
        "4": [
            [
                0.9837228020842343,
                0.1474492769039392,
                -0.10270423262966326,
                -0.15372305520534202
            ],
            [
                -0.15073824530448154,
                0.9882577570566435,
                -0.024991739033090446,
                0.029580301537608863
            ],
            [
                0.09781324072981364,
                0.04006639936252839,
                0.9943979352251562,
                -0.026032271607432968
            ],
            [
                0,
                0,
                0,
                1
            ]
        ],
        "5": [
            [
                -0.9880745377434825,
                0.04303812868527277,
                -0.14783919420192174,
                -0.0668067479023031
            ],
            [
                -0.03255738063811913,
                -0.9968298746527483,
                -0.07259626688591375,
                0.02252595919727528
            ],
            [
                -0.15049493290137134,
                -0.06691726592633694,
                0.9863434263439664,
                -0.017254229619834405
            ],
            [
                0,
                0,
                0,
                1
            ]
        ],
        "6": [
            [
                0.005397706032264855,
                0.9955515915402603,
                -0.09406324123292965,
                -0.30584716596539196
            ],
            [
                -0.9938746805998335,
                -0.005042170342145396,
                -0.11039789753804073,
                0.1428849398980337
            ],
            [
                -0.11038108548192575,
                0.09408296923405349,
                0.9894263039094605,
                -0.03355067444319342
            ],
            [
                0,
                0,
                0,
                1
            ]
        ],
        "7": [
            [
                0.036692722463417954,
                0.9944340191231059,
                -0.09876550880185354,
                -0.26901242036807455
            ],
            [
                -0.9935123063418488,
                0.025654924344255172,
                -0.11079314962663873,
                0.21305967327017797
            ],
            [
                -0.10764265541839256,
                0.10219005072685391,
                0.9889237848625748,
                -0.02226284715938935
            ],
            [
                0,
                0,
                0,
                1
            ]
        ],
        "8": [
            [
                -0.9920085713929527,
                -0.03898775345471526,
                -0.119995622267929,
                -0.21502805011023726
            ],
            [
                0.04909199412507938,
                -0.9953866148219401,
                -0.0824345992053208,
                0.14826445008845549
            ],
            [
                -0.11622809641277075,
                -0.08766665337443334,
                0.9893460403167289,
                -0.027233302524219762
            ],
            [
                0,
                0,
                0,
                1
            ]
        ],
        "9": [
            [
                0.9966346524397925,
                0.06713851033633682,
                0.04702967133663179,
                0.08443629354991658
            ],
            [
                -0.0819694526584116,
                0.8119596508805743,
                0.5779295235344671,
                0.03207223324716625
            ],
            [
                0.000615131769973319,
                -0.5798395862406373,
                0.8147304313950671,
                0.01261086705570686
            ],
            [
                0,
                0,
                0,
                1
            ]
        ],
        "10": [
            [
                0.5553260256760587,
                0.30110235241956124,
                -0.7752098932381086,
                0.08614433172309485
            ],
            [
                0.5227129659161494,
                -0.8513849540507147,
                0.043758602345198315,
                0.23658105851107
            ],
            [
                -0.6468262212294552,
                -0.4295125532315312,
                -0.6301863265309356,
                0.14487557056533107
            ],
            [
                0,
                0,
                0,
                1
            ]
        ],
        "11": [
            [
                -0.9349896530821928,
                0.06654717618660591,
                -0.34837597789002267,
                0.1288929241950817
            ],
            [
                -0.20285729114101195,
                0.7053802873737567,
                0.6791815439302272,
                0.19397718364540822
            ],
            [
                0.2909351612647935,
                0.7056983233125224,
                -0.6460236902883078,
                0.018096858568462305
            ],
            [
                0,
                0,
                0,
                1
            ]
        ]
    },
    "map_type": "3d"
}