{
    "0": [
        [
            0.8718834107175703,
            0.42878673143417145,
            0.23656131776242828,
            -0.2953592592748374
        ],
        [
            0.32324296382478784,
            -0.8667794218901362,
            0.3797465208867203,
            0.13431587259432867
        ],
        [
            0.3678767517162015,
            -0.25462791035902,
            -0.8943328926149006,
            0.09201938743538364
        ],
        [
            0,
            0,
            0,
            1
        ]
    ],
    "1": [
        [
            0.9446329028118942,
            -0.30801267942994315,
            0.11312324356895803,
            -0.23377751104189273
        ],
        [
            -0.3241235777786295,
            -0.9295996213564146,
            0.17546637940640203,
            0.14680974297046995
        ],
        [
            0.05111345471747594,
            -0.2024172257600567,
            -0.9779645604327628,
            0.09838713512142104
        ],
        [
            0,
            0,
            0,
            1
        ]
    ],
    "2": [
        [
            0.9966772646178731,
            -0.016630082441727076,
            0.0797362561938765,
            -0.2587054621370439
        ],
        [
            -0.04105474950816172,
            -0.9480567317444747,
            0.3154408675755366,
            0.12272611996946133
        ],
        [
            0.07034868681543559,
            -0.31766629306863275,
            -0.945589333966589,
            0.1470803556245824
        ],
        [
            0,
            0,
            0,
            1
        ]
    ],
    "3": [
        [
            0.9451921643646203,
            -0.2794886358553358,
            0.16881313589720565,
            -0.17366179192148473
        ],
        [
            -0.317330724503234,
            -0.9080652793963,
            0.2733471412712639,
            0.08446629131544871
        ],
        [
            0.07689592778540032,
            -0.3119351708009907,
            -0.9469865181233467,
            0.11757484041709924
        ],
        [
            0,
            0,
            0,
            1
        ]
    ],
    "4": [
        [
            0.9679874741048962,
            -0.004883189079189478,
            0.2509510000785811,
            -0.10010348798963646
        ],
        [
            -0.05316104326244063,
            -0.981117074138617,
            0.18596556216925858,
            0.06718654802011054
        ],
        [
            0.24530420594696706,
            -0.1933531517666478,
            -0.9499686338225235,
            0.12015830581156527
        ],
        [
            0,
            0,
            0,
            1
        ]
    ],
    "5": [
        [
            0.9689333907483425,
            0.0743256634250611,
            0.2358893385665076,
            -0.1569965997250232
        ],
        [
            -0.009257178347022705,
            -0.9422075246558759,
            0.3349019037433178,
            0.006894134207722311
        ],
        [
            0.24714851596149903,
            -0.3266813068393593,
            -0.9122482857313337,
            0.09583680816691294
        ],
        [
            0,
            0,
            0,
            1
        ]
    ],
    "6": [
        [
            0.8398710077161211,
            0.5137094323503661,
            0.17526924862100607,
            -0.17664836419678948
        ],
        [
            0.4452817986674644,
            -0.8367420710709518,
            0.3187268835152791,
            0.00949039836917673
        ],
        [
            0.3103881604916254,
            -0.1896452625671396,
            -0.9315008664582476,
            0.07577389529340811
        ],
        [
            0,
            0,
            0,
            1
        ]
    ],
    "7": [
        [
            0.8183144127880616,
            0.5389166879796885,
            0.19982573718200886,
            -0.07070772306924639
        ],
        [
            0.46823721676254076,
            -0.8266823170117121,
            0.31201002480467943,
            0.007225357969929762
        ],
        [
            0.3333398125963948,
            -0.16175645321640297,
            -0.9288269048542093,
            0.1027167692306331
        ],
        [
            0,
            0,
            0,
            1
        ]
    ],
    "8": [
        [
            0.7317107794793425,
            -0.6808278291463536,
            -0.032753660155721225,
            0.0326355226655029
        ],
        [
            -0.6357082734833212,
            -0.6989782270838418,
            0.327573547600511,
            -0.031236288275512943
        ],
        [
            -0.24591528260477827,
            -0.2188673231037304,
            -0.9442577871846329,
            0.165871587243856
        ],
        [
            0,
            0,
            0,
            1
        ]
    ],
    "9": [
        [
            0.9377627395173669,
            -0.34212059253906885,
            0.05962000112042556,
            0.04064461595305444
        ],
        [
            -0.3469327265337396,
            -0.9305631762018068,
            0.11700366813510776,
            0.045941003977049845
        ],
        [
            0.015450813336150853,
            -0.13040580990861333,
            -0.9913403033819064,
            0.13491466301796143
        ],
        [
            0,
            0,
            0,
            1
        ]
    ],
    "10": [
        [
            0.5482569893056025,
            -0.8121295778054668,
            -0.19964924876159906,
            0.10346005276174994
        ],
        [
            -0.13847245268698113,
            0.14727801463944562,
            -0.9793541577237088,
            0.11328627041528042
        ],
        [
            0.8247664236160492,
            0.5645836831306565,
            -0.03171137364123655,
            -0.012356267652590774
        ],
        [
            0,
            0,
            0,
            1
        ]
    ],
    "11": [
        [
            -0.7643581944987097,
            0.2188600557455673,
            0.6065120167826191,
            0.052866806414210904
        ],
        [
            -0.2590628522318707,
            -0.9656108709182722,
            0.021956424070049455,
            0.22240827640986183
        ],
        [
            0.5904599809438069,
            -0.1403421603207785,
            0.7947710921644899,
            -0.09240866526954866
        ],
        [
            0,
            0,
            0,
            1
        ]
    ],
    "12": [
        [
            -0.3784916887523946,
            0.7739908571527455,
            0.5076240681737999,
            -0.10925892429860681
        ],
        [
            0.5813469982580723,
            -0.2279771614065219,
            0.7810647101830638,
            -0.005273220286674595
        ],
        [
            0.7202636386502441,
            0.5907322294584771,
            -0.36366980066720933,
            0.14652196167488887
        ],
        [
            0,
            0,
            0,
            1
        ]
    ],