{"tag_side_lengths": {"default": 0.7}, "tag_locations": {"7": [[1.0, -7.100266409758583e-22, 1.0100527081738976e-22, 0.0], [7.100266409758583e-22, 1.0, 1.2483867592540662e-22, 0.0], [-1.0100527081738976e-22, -1.248386759254066e-22, 1.0, 0.0], [0.0, 0.0, 0.0, 1.0]], "8": [[0.9994281165196217, 0.033583148165402366, 0.003951211123430575, 0.016662929720126837], [-0.03374555733792186, 0.9980229129759891, 0.05302360356364328, 1.0515490430412318], [-0.0021626997004479238, -0.05312661606221508, 0.9985854422110226, -0.02805001702705362], [0.0, 0.0, 0.0, 1.0]]}, "map_type": "3d"}