{"1": [[0.9954689641528103, -0.020553156584147848, -0.09283915748733601, 3.714229125868809], [0.04826650796545045, -0.7320008266753464, 0.6795918877940131, -4.312655418374448], [-0.08192609851171963, -0.6809936545233275, -0.7276920755935239, 3.982349814537312], [0.0, 0.0, 0.0, 1.0]], "0": [[0.9914535972802225, 0.05843087567438467, 0.11664303325973188, -3.636382617581921], [-0.03143051345566091, -0.7607734253219427, 0.6482560590907208, -4.467396803282413], [0.12661708914684397, -0.6463819521705747, -0.752435036826527, 4.003796823649958], [0.0, 0.0, 0.0, 1.0]]}